{"prediction": [0, 1, 1, 1, 1], "scoring": "{\n  \"f1_score\": 0.5714285714285714\n}\n", "summarystats": [{"column": ["lastmonth_activity", "lastyear_activity", "number_of_employees", "exited"], "mean": [165.65384615384616, 1502.923076923077, 26.884615384615383, 0.5769230769230769], "median": [73.0, 955.0, 14.0, 1.0], "std_dev": [284.0332293669447, 2192.6449584568304, 31.353885785435814, 0.5038314736557788]}], "diagnostics": {"execution_time": null, "missing_data_percentage": [0.0, 0.0, 0.0, 0.0, 0.0], "outdated_packages_list": null}}